Title,Rent,Location,URL
Davie ****SHENANDOAH ***Cute Home ****Great Location******************,$2100, (Davie),https://miami.craigslist.org/brw/apa/6189891700.html
HOUSE IN RENTAL,$2400,"",https://miami.craigslist.org/brw/apa/6195647001.html
"HOUSE IN RENTAL - DAVIE, FL",$2195,"",https://miami.craigslist.org/brw/apa/6198903574.html
"Beautiful Home, Very well located, Gate Community, 3B/2B",$2600, (Weston),https://miami.craigslist.org/brw/apa/6166481405.html
"BIG HOUSE RENTAL IN TANGLEWOOD, WESTON, FLV",$2600,"",https://miami.craigslist.org/brw/apa/6194037071.html
"Excellent floor plan, house is fully renovated with 2 car garage",$2750, (WESTON),https://miami.craigslist.org/brw/apa/6185895106.html
"$2,300 3/2 Majesty Ter Weston, FL  33327",$2300,"",https://miami.craigslist.org/brw/apa/6197734990.html
Remodeled 3/2 on quiet cul-de-sac. Tile floors in main living areas an,$3000, (The Meadows),https://miami.craigslist.org/brw/apa/6156431510.html
3/2 Single Family Home in Savanna - Weston,$2500, (Weston),https://miami.craigslist.org/brw/apa/6175063024.html
Beautiful Modern Rental in The Heart of Weston with A+ Schools,$2900, (Weston),https://miami.craigslist.org/brw/apa/6154363043.html
Savana Spectacular,$3500, (Weston),https://miami.craigslist.org/brw/apa/6193222903.html
WESTON: UNIQUE HOUSE W/WIDE WATER VIEWS,$2875, (Weston $$$),https://miami.craigslist.org/brw/apa/6178661989.html
WESTON: REMODELED HOUSE IN QUIET CUL-DE-SAC,$3000, (WESTON),https://miami.craigslist.org/brw/apa/6174824921.html
WESTON: UNIQUE HOUSE W/WIDE WATER VIEWS,$2875, (Weston☚),https://miami.craigslist.org/brw/apa/6179496015.html
▒ ▒ ▒► WESTON: Remodeled HOUSE In Quiet Cul-De-Sac,$3000, (Weston:),https://miami.craigslist.org/brw/apa/6176324611.html
3/2 Weston Florida - Best community - Emerald Estates,$3050, (Weston),https://miami.craigslist.org/brw/apa/6187968794.html
Weston 3/2 2 car garage,$2650, (N. Lakes),https://miami.craigslist.org/brw/apa/6180870592.html
Weston 3/2 Lower price best value San Mesina,$2350,"",https://miami.craigslist.org/brw/apa/6185312450.html
BEAUTIFUL SINGLE FAMILY HOME - READY TO MOVE IN TODAY! 3/2,$3150, (Weston),https://miami.craigslist.org/brw/apa/6179581005.html
"Rental Home, 1601 Salerno Cir",$2475,"",https://miami.craigslist.org/brw/apa/6175307288.html
"$2,300 3/2 Cottonwood Cir Weston, FL  33326",$2300,"",https://miami.craigslist.org/brw/apa/6170850496.html
"$2,875 3/2 Sacramento Weston, FL  33326",$2875,"",https://miami.craigslist.org/brw/apa/6170819868.html
"Desirable Community SAVANNA, Weston, Fl",$2750, (Weston),https://miami.craigslist.org/brw/apa/6167171344.html
1 Acre 3/2 Single Family Home in Southwest Ranches,$3300,"",https://miami.craigslist.org/brw/apa/6163501009.html
"LUXURY 3 BEDROOM, 2 BATH CONDO",$3500, (Weston),https://miami.craigslist.org/brw/apa/6118278072.html
Gorgeous 1 story popular home in Weston,$2495, (Weston),https://miami.craigslist.org/brw/apa/6117639781.html
"$2,600 3/2 Tanglewood Cr Weston, FL  33327",$2600,"",https://miami.craigslist.org/brw/apa/6152870845.html
"$2,800 3/2 Canary Island Dr Weston, FL  33327",$2800,"",https://miami.craigslist.org/brw/apa/6148643159.html
"$2,900 3/2  Sunset Way Weston, FL  33327",$2900,"",https://miami.craigslist.org/brw/apa/6148605284.html
"$2,450 3/2 Orion Ln Weston, FL  33327",$2450,"",https://miami.craigslist.org/brw/apa/6148508075.html
"$2,350  3/2 SW 2nd St Weston, FL  33326",$2350,"",https://miami.craigslist.org/brw/apa/6148496991.html
"$2,500 3/2 Plumosa Way Weston, FL  33327",$2500,"",https://miami.craigslist.org/brw/apa/6148485929.html
"$2,600 3/2 Tanglewood Cr Weston, FL  33327",$2600,"",https://miami.craigslist.org/brw/apa/6148480893.html
"$2,300 3/2 SW 159th Way Sunrise, FL  33326",$2300,"",https://miami.craigslist.org/brw/apa/6147176380.html
"$2,300 3/2 SW 159th Way Sunrise, FL  33326",$2300,"",https://miami.craigslist.org/brw/apa/6142913657.html
Apartamentos y casas para alquiler: Weston area,$2400, (Weston),https://miami.craigslist.org/brw/apa/6141397244.html
Summer Vacation Home,$180$, (Weston),https://miami.craigslist.org/brw/apa/6140342960.html
Great lakefront home in the heart of Weston. 3 bed and 2 bath,$2600, (Weston),https://miami.craigslist.org/brw/apa/6117717658.html
Gorgeous fully upgraded home in Weston's Savanna.,$2500, (Weston),https://miami.craigslist.org/brw/apa/6117682236.html
Lovely Large Home,$2350, (1350 Seagrape Cir),https://miami.craigslist.org/brw/apa/6138592137.html
Great Charming Home,$3000, (680 Maplewood Ct),https://miami.craigslist.org/brw/apa/6138572819.html
Great Large Home,$2300, (1892 SALERNO CIRCLE),https://miami.craigslist.org/brw/apa/6137591170.html
Beautiful Great House,$2390, (1525 Mira Vista Cir),https://miami.craigslist.org/brw/apa/6137584668.html
Charming Cozy Home,$2398, (33326),https://miami.craigslist.org/brw/apa/6137579573.html
Charming Home,$2500, (1355 SEAGRAPE CR),https://miami.craigslist.org/brw/apa/6137575058.html
Stunning Home,$2700, (967 Golden Cane Dr),https://miami.craigslist.org/brw/apa/6137542515.html
Charming Home,$2850, (855 Garnet Cir),https://miami.craigslist.org/brw/apa/6137537911.html
"$2,300 3/2 SW 159th Way Sunrise, FL  33326",$2300,"",https://miami.craigslist.org/brw/apa/6137141106.html
